"Qty";"Value";"Device";"Package";"Parts";"Description";"MF";"MPN";"OC_FARNELL";"OC_NEWARK";
"2";"0";"RESISTOR0603";"0603-RES";"R10, R13";"Resistor";"";"";"";"";
"1";"0.1uF";"CAP0603-CAP";"0603-CAP";"C2";"Capacitor";"";"";"";"";
"2";"100";"RESISTOR0603";"0603-RES";"R5, R8";"Resistor";"";"";"";"";
"1";"10A";"FUSE_MINIBLADE";"MINI-BLADE_FUSE_HOLDER";"F1";"Fuse/Fuseclips";"";"";"";"";
"15";"10k";"RESISTOR0603";"0603-RES";"R6, R7, R11, R12, R14, R15, R16, R17, R18, R19, R20, R21, R22, R23, R25";"Resistor";"";"";"";"";
"2";"10uF";"CAP0603-CAP";"0603-CAP";"C6, C7";"Capacitor";"";"";"";"";
"2";"1k";"RESISTOR0603";"0603-RES";"R3, R4";"Resistor";"";"";"";"";
"1";"1uF";"CAP0603-CAP";"0603-CAP";"C3";"Capacitor";"";"";"";"";
"1";"27pF";"CAP0603-CAP";"0603-CAP";"C1";"Capacitor";"";"";"";"";
"2";"2k";"RESISTOR0603";"0603-RES";"R1, R2";"Resistor";"";"";"";"";
"2";"60";"RESISTOR0603";"0603-RES";"R9, R24";"Resistor";"";"";"";"";
"1";"ADAFRUIT_1824_KEYPAD";"ADAFRUIT_1824_KEYPAD";"ADAFRUIT_1824_KEYPAD";"U$6";"Adafruit 3x4 matrix keypad (PID 1824)";"";"";"";"";
"3";"CONNECTOR-2";"CONNECTOR-2";"39288020";"12V_IN, CURRENT_IN, CURRENT_OUT";"Mini-Fit Junior connector 2 pole";"";"";"1822072";"unknown";
"11";"CONNECTOR-2NANO-FIT_VERTICAL-2";"CONNECTOR-2NANO-FIT_VERTICAL-2";"1053091202";"BUZZER, ISO-SPI, THERM1, THERM2, THERM3, THERM4, THERM5, THERM6, THERM7, THERM8, THERM9";"Mini-Fit Junior connector 2 pole";"";"";"";"";
"1";"CONNECTOR-4NANO-FIT-VERTICAL-4";"CONNECTOR-4NANO-FIT-VERTICAL-4";"1053101204";"X1";"Mini-Fit Junior connector 4 pole";"";"";"";"";
"2";"DMG3406L";"DMG3406LSOT";"SOT23";"Q1, Q2";"Generic NPN MOSFET";"";"";"";"";
"1";"G5LE-1A4";"G5LE-1A4";"G5LE-1A4";"U$8";"Omron G5LE SPST Relay";"";"";"";"";
"1";"HM2102NLT";"HM2102NLT";"HM2102NLT";"U1";"2 Channel SMT Transformer";"";"";"";"";
"1";"ILI9341_TOUCH_SCREEN";"ILI9341_TOUCH_SCREEN";"ILI9341_TOUCH_SCREEN";"U$7";"2.8" 240x320 TFT Touch Screen Display. Uses the ILI9341 controller with SPI interface.  It also includes a resistive touchscreen with built-in XPT2046 controller.";"";"";"";"";
"1";"INA260";"INA260";"TSSOP-16";"U$4";"Digital-output, current, power, and";"";"";"";"";
"1";"LTC6820";"LTC6820";"MSOP-16";"U$3";"Linear Technology isoSPI Isolated Communications Interface";"";"";"";"";
"1";"MCP2562FD";"MCP2562FD";"SOIC-08";"U$5";"MCP2562FD High-Speed CAN Transceiver";"";"";"";"";
"2";"MMBZ5246BLT1G";"DIODE_ZENER";"SOT23";"D1, D2";"ZENER DIODE";"";"";"";"";
"1";"OKI-78SR-5";"OKI-78SR-5";"OKI-78SR";"U$10";"Murata OKI-78SR 5V 1.5A Non-Isolated Switching Regulator DC/DC - Datasheet";"";"";"";"";
"1";"TEENSY_4.1_SIMPLE";"TEENSY_4.1_SIMPLE";"TEENSY_4.1_SIMPLE";"U$2";"Simple version of the Teensy 4.1 board that only uses the 2 main rows of pins, with no perpendicular row with VBat or inner pins.";"";"";"";"";
"1";"TS4148 RYG";"DIODE0805";"0805_D";"D3";"DIODE";"";"";"";"";
